﻿<MediaImport>
  <ContentFolderUri>Catalogs</ContentFolderUri>
  <MediaType name="ImageMediaData">
    <ContentType>EPiServer.Reference.Commerce.Site.Features.Media.Models.ImageMediaData, EPiServer.Reference.Commerce.Site</ContentType>
    <ContentProperty>
      <Name>Description</Name>
      <Type>String</Type>
    </ContentProperty>
  </MediaType>
  <MediaGroup mediaTypeName="ImageMediaData">
    <Media>
      <IntegrationId>TEST_IMAGE</IntegrationId>
      <Name>Test Media with Binary Content in Archive</Name>
      <BlobContent>
        <FileInArchive>Entry.jpg</FileInArchive>
      </BlobContent>
 	<Properties>
        <Value>
          <Name>Description</Name>
          <String>TestValue</String>
        </Value>
      </Properties>
    </Media>
  </MediaGroup>
</MediaImport>
